<?xml version="1.0" encoding="UTF-8"?>
<project-private xmlns="http://www.netbeans.org/ns/project-private/1">
    <editor-bookmarks xmlns="http://www.netbeans.org/ns/editor-bookmarks/2" lastBookmarkId="0"/>
    <open-files xmlns="http://www.netbeans.org/ns/projectui-open-files/2">
        <group>
            <file>file:/Users/fidel/Desktop/P2SI_NN_2015/Proyectos%20Netbeans/P2SI_OPCIONAL_2015/src/p2_si/P2SINN.java</file>
            <file>file:/Users/fidel/Desktop/P2SI_NN_2015/Proyectos%20Netbeans/P2SI_OPCIONAL_2015/src/p2_si/NNetwork.java</file>
        </group>
    </open-files>
</project-private>
